{"cameraMode":{"drawMode":0,"name":"Shaded","section":"Shading Mode"},"sceneLighting":true,"audioPlay":false,"sceneViewState":{"showFog":true,"showMaterialUpdate":false,"showSkybox":true,"showFlares":true,"showImageEffects":true,"showParticleSystems":true,"showVisualEffectGraphs":true,"m_FxEnabled":false},"in2DMode":false,"pivot":{"x":352.3902587890625,"y":219.54359436035157,"z":12.214111328125},"rotation":{"x":0.05686280503869057,"y":-0.061066530644893649,"z":0.0034838546998798849,"w":0.9965091943740845},"size":214.32266235351563,"orthographic":false}