{"cameraMode":{"drawMode":0,"name":"Shaded","section":"Shading Mode"},"sceneLighting":true,"audioPlay":false,"sceneViewState":{"showFog":true,"showMaterialUpdate":false,"showSkybox":true,"showFlares":true,"showImageEffects":true,"showParticleSystems":true,"showVisualEffectGraphs":true,"m_FxEnabled":true},"in2DMode":false,"pivot":{"x":10.513985633850098,"y":1.8634353876113892,"z":-3.2058918476104738},"rotation":{"x":0.11737370491027832,"y":-0.6567648649215698,"z":0.10451216995716095,"w":0.7375772595405579},"size":4.8881330490112309,"orthographic":false}