{"cameraMode":{"drawMode":0,"name":"Shaded","section":"Shading Mode"},"sceneLighting":true,"audioPlay":false,"sceneViewState":{"showFog":true,"showMaterialUpdate":false,"showSkybox":true,"showFlares":true,"showImageEffects":true,"showParticleSystems":true,"showVisualEffectGraphs":true,"m_FxEnabled":true},"in2DMode":false,"pivot":{"x":190.0839385986328,"y":55.72007369995117,"z":57.712554931640628},"rotation":{"x":0.29962196946144106,"y":-0.034336481243371966,"z":0.010791046544909478,"w":0.9533790946006775},"size":163.70091247558595,"orthographic":false}