{"cameraMode":{"drawMode":0,"name":"Shaded","section":"Shading Mode"},"sceneLighting":true,"audioPlay":false,"sceneViewState":{"showFog":true,"showMaterialUpdate":false,"showSkybox":true,"showFlares":true,"showImageEffects":true,"showParticleSystems":true,"showVisualEffectGraphs":true,"m_FxEnabled":false},"in2DMode":false,"pivot":{"x":-12.504619598388672,"y":-29.652328491210939,"z":3.2820281982421877},"rotation":{"x":0.3662334680557251,"y":-0.0178240854293108,"z":0.0071469079703092579,"w":0.9304032325744629},"size":57.12427520751953,"orthographic":false}