{"cameraMode":{"drawMode":0,"name":"Shaded","section":"Shading Mode"},"sceneLighting":true,"audioPlay":false,"sceneViewState":{"showFog":true,"showMaterialUpdate":false,"showSkybox":true,"showFlares":true,"showImageEffects":true,"showParticleSystems":true,"showVisualEffectGraphs":true,"m_FxEnabled":true},"in2DMode":false,"pivot":{"x":5.545389175415039,"y":-10.107948303222657,"z":-1.6270828247070313},"rotation":{"x":0.29962196946144106,"y":-0.034336481243371966,"z":0.010791046544909478,"w":0.9533790946006775},"size":38.73103332519531,"orthographic":false}