{"cameraMode":{"drawMode":0,"name":"Shaded","section":"Shading Mode"},"sceneLighting":true,"audioPlay":false,"sceneViewState":{"showFog":true,"showMaterialUpdate":false,"showSkybox":true,"showFlares":true,"showImageEffects":true,"showParticleSystems":true,"showVisualEffectGraphs":true,"m_FxEnabled":true},"in2DMode":false,"pivot":{"x":15.328795433044434,"y":0.5262845158576965,"z":-5.619485855102539},"rotation":{"x":0.11737370491027832,"y":-0.6567648649215698,"z":0.10451216995716095,"w":0.7375772595405579},"size":13.885019302368164,"orthographic":false}