{"cameraMode":{"drawMode":0,"name":"Shaded","section":"Shading Mode"},"sceneLighting":true,"audioPlay":false,"sceneViewState":{"showFog":true,"showMaterialUpdate":false,"showSkybox":true,"showFlares":true,"showImageEffects":true,"showParticleSystems":true,"showVisualEffectGraphs":true,"m_FxEnabled":true},"in2DMode":false,"pivot":{"x":336.51910400390627,"y":78.95899963378906,"z":-102.07647705078125},"rotation":{"x":0.24207070469856263,"y":0.002910761395469308,"z":-0.0007263408042490482,"w":0.970255970954895},"size":192.00698852539063,"orthographic":false}