{"cameraMode":{"drawMode":0,"name":"Shaded","section":"Shading Mode"},"sceneLighting":true,"audioPlay":false,"sceneViewState":{"showFog":true,"showMaterialUpdate":false,"showSkybox":true,"showFlares":true,"showImageEffects":true,"showParticleSystems":true,"showVisualEffectGraphs":true,"m_FxEnabled":true},"in2DMode":false,"pivot":{"x":14.44664192199707,"y":10.357194900512696,"z":-6.7490668296813969},"rotation":{"x":0.05063441023230553,"y":-0.8714091777801514,"z":0.47923848032951357,"w":0.09209658205509186},"size":5.620065689086914,"orthographic":false}