{"cameraMode":{"drawMode":0,"name":"Shaded","section":"Shading Mode"},"sceneLighting":true,"audioPlay":false,"sceneViewState":{"showFog":true,"showMaterialUpdate":false,"showSkybox":true,"showFlares":true,"showImageEffects":true,"showParticleSystems":true,"showVisualEffectGraphs":true,"m_FxEnabled":false},"in2DMode":false,"pivot":{"x":-14.128345489501954,"y":26.653417587280275,"z":45.55265808105469},"rotation":{"x":-0.012419803999364376,"y":0.7711413502693176,"z":-0.6364560127258301,"w":-0.015032448805868626},"size":0.2757767140865326,"orthographic":false}