{"cameraMode":{"drawMode":0,"name":"Shaded","section":"Shading Mode"},"sceneLighting":true,"audioPlay":false,"sceneViewState":{"showFog":true,"showMaterialUpdate":false,"showSkybox":true,"showFlares":true,"showImageEffects":true,"showParticleSystems":true,"showVisualEffectGraphs":true,"m_FxEnabled":true},"in2DMode":false,"pivot":{"x":10.351526260375977,"y":1.0113906860351563,"z":-17.564558029174806},"rotation":{"x":-0.3803970217704773,"y":0.15291500091552735,"z":-0.06393274664878845,"w":-0.9098532795906067},"size":12.865175247192383,"orthographic":false}