{"cameraMode":{"drawMode":0,"name":"Shaded","section":"Shading Mode"},"sceneLighting":true,"audioPlay":false,"sceneViewState":{"showFog":true,"showMaterialUpdate":false,"showSkybox":true,"showFlares":true,"showImageEffects":true,"showParticleSystems":true,"showVisualEffectGraphs":true,"m_FxEnabled":false},"in2DMode":false,"pivot":{"x":298.62701416015627,"y":238.21417236328126,"z":212.34703063964845},"rotation":{"x":0.12419091910123825,"y":0.0047752889804542068,"z":-0.00047547134454362094,"w":0.9923201203346252},"size":217.43692016601563,"orthographic":true}