{"cameraMode":{"drawMode":0,"name":"Shaded","section":"Shading Mode"},"sceneLighting":true,"audioPlay":false,"sceneViewState":{"showFog":true,"showMaterialUpdate":false,"showSkybox":true,"showFlares":true,"showImageEffects":true,"showParticleSystems":true,"showVisualEffectGraphs":true,"m_FxEnabled":false},"in2DMode":false,"pivot":{"x":13.173223495483399,"y":-5.086040019989014,"z":-16.556102752685548},"rotation":{"x":0.040455903857946399,"y":0.9383003115653992,"z":-0.32296377420425417,"w":0.11741329729557038},"size":80.96621704101563,"orthographic":false}