{"cameraMode":{"drawMode":0,"name":"Shaded","section":"Shading Mode"},"sceneLighting":true,"audioPlay":false,"sceneViewState":{"showFog":true,"showMaterialUpdate":false,"showSkybox":true,"showFlares":true,"showImageEffects":true,"showParticleSystems":true,"showVisualEffectGraphs":true,"m_FxEnabled":true},"in2DMode":false,"pivot":{"x":-16.473403930664064,"y":4.4417009353637699,"z":-17.215105056762697},"rotation":{"x":-0.06140203773975372,"y":-0.8977548480033875,"z":0.41553783416748049,"w":-0.13265667855739594},"size":17.37439727783203,"orthographic":false}