{"cameraMode":{"drawMode":0,"name":"Shaded","section":"Shading Mode"},"sceneLighting":true,"audioPlay":false,"sceneViewState":{"showFog":true,"showMaterialUpdate":false,"showSkybox":true,"showFlares":true,"showImageEffects":true,"showParticleSystems":true,"showVisualEffectGraphs":true,"m_FxEnabled":true},"in2DMode":false,"pivot":{"x":406.3529357910156,"y":149.80950927734376,"z":283.6799621582031},"rotation":{"x":-0.1390223503112793,"y":-0.019016006961464883,"z":0.002670940011739731,"w":-0.9901058077812195},"size":270.57366943359377,"orthographic":false}