{"cameraMode":{"drawMode":0,"name":"Shaded","section":"Shading Mode"},"sceneLighting":true,"audioPlay":false,"sceneViewState":{"showFog":true,"showMaterialUpdate":false,"showSkybox":true,"showFlares":true,"showImageEffects":true,"showParticleSystems":true,"showVisualEffectGraphs":true,"m_FxEnabled":true},"in2DMode":false,"pivot":{"x":4.4012532234191898,"y":-10.826132774353028,"z":12.554789543151856},"rotation":{"x":-0.40455350279808047,"y":0.5750133991241455,"z":-0.39212289452552798,"w":-0.5932417511940002},"size":20.090574264526368,"orthographic":false}