{"cameraMode":{"drawMode":0,"name":"Shaded","section":"Shading Mode"},"sceneLighting":false,"audioPlay":false,"sceneViewState":{"showFog":true,"showMaterialUpdate":false,"showSkybox":false,"showFlares":true,"showImageEffects":true,"showParticleSystems":true,"showVisualEffectGraphs":true,"m_FxEnabled":false},"in2DMode":false,"pivot":{"x":1.372969150543213,"y":1.9980796575546265,"z":-0.9512866735458374},"rotation":{"x":-0.022598929703235627,"y":0.9705880880355835,"z":-0.10081746429204941,"w":-0.2175532430410385},"size":0.09021104872226715,"orthographic":false}